{
    "step": 127,
    "loss": 0.004594666417688131,
    "acc": 0.9984999895095825,
    "val_loss": 0.049561988562345505,
    "val_acc": 0.9909999966621399
}