{
    "step": 99,
    "loss": 0.004511029925197363,
    "acc": 0.9984833598136902,
    "val_loss": 0.04027761146426201,
    "val_acc": 0.9914000034332275
}