{
    "step": 9,
    "train": {
        "loss": 0.04195045679807663,
        "acc": 0.9865666627883911
    },
    "eval": {
        "loss": 0.036638785153627396,
        "acc": 0.9873999953269958
    }
}