{
    "step": 1,
    "train": {
        "loss": 0.1348676234483719,
        "acc": 0.9583500027656555
    },
    "eval": {
        "loss": 0.0742163360118866,
        "acc": 0.9760000109672546
    }
}