{
    "step": 9,
    "train": {
        "loss": 0.038437411189079285,
        "acc": 0.9870833158493042
    },
    "eval": {
        "loss": 0.03614075854420662,
        "acc": 0.9876999855041504
    }
}