{
    "step": 99,
    "loss": 0.005268299952149391,
    "acc": 0.99795001745224,
    "val_loss": 0.04818643257021904,
    "val_acc": 0.9907000064849854
}