{
    "step": 99,
    "train": {
        "loss": 0.005288879852741957,
        "acc": 0.9981666803359985
    },
    "eval": {
        "loss": 0.04516374692320824,
        "acc": 0.9904999732971191
    }
}