{
    "step": 4,
    "train": {
        "loss": 0.06921187043190002,
        "acc": 0.9786333441734314
    },
    "eval": {
        "loss": 0.048267003148794174,
        "acc": 0.9830999970436096
    }
}