{
    "step": 9,
    "train": {
        "loss": 0.03903236240148544,
        "acc": 0.987666666507721
    },
    "eval": {
        "loss": 0.033511705696582794,
        "acc": 0.9886000156402588
    }
}