{
    "step": 0,
    "train": {
        "loss": 0.31014254689216614,
        "acc": 0.9101333618164062
    },
    "eval": {
        "loss": 0.09524371474981308,
        "acc": 0.972000002861023
    }
}