{
    "step": 4,
    "train": {
        "loss": 0.07455329596996307,
        "acc": 0.9768999814987183
    },
    "eval": {
        "loss": 0.047647301107645035,
        "acc": 0.984000027179718
    }
}