{
    "step": 4,
    "loss": 0.0754830539226532,
    "acc": 0.9765333533287048,
    "val_loss": 0.04721822962164879,
    "val_acc": 0.9842000007629395
}