{
    "step": 4,
    "train": {
        "loss": 0.07039155811071396,
        "acc": 0.9773833155632019
    },
    "eval": {
        "loss": 0.04624897614121437,
        "acc": 0.9840999841690063
    }
}