{
    "step": 4,
    "train": {
        "loss": 0.06540956348180771,
        "acc": 0.9797833561897278
    },
    "eval": {
        "loss": 0.044305067509412766,
        "acc": 0.984499990940094
    }
}