{
<<<<<<< HEAD
    "step": 9,
    "loss": 0.04107379540801048,
    "acc": 0.9866333603858948,
    "val_loss": 0.03556530550122261,
    "val_acc": 0.9865999817848206
=======
    "step": 99,
    "loss": 0.005164421629160643,
    "acc": 0.9983333349227905,
    "val_loss": 0.049313023686409,
    "val_acc": 0.9901000261306763
>>>>>>> 2107950c6f06f7f6409ff32ceecbddba83fb5b11
}