{
    "step": 99,
    "loss": 0.00525543000549078,
    "acc": 0.9981833100318909,
    "val_loss": 0.04596127197146416,
    "val_acc": 0.9902999997138977
}