{
    "step": 19,
    "loss": 0.01905207149684429,
    "acc": 0.9936666488647461,
    "val_loss": 0.03619696944952011,
    "val_acc": 0.9890999794006348
}