{
    "step": 9,
    "loss": 0.04107379540801048,
    "acc": 0.9866333603858948,
    "val_loss": 0.03556530550122261,
    "val_acc": 0.9865999817848206
}