{
    "step": 9,
    "loss": 0.038902461528778076,
    "acc": 0.9869333505630493,
    "val_loss": 0.03649548813700676,
    "val_acc": 0.9878000020980835
}