{
    "step": 19,
    "loss": 0.01865113154053688,
    "acc": 0.9932666420936584,
    "val_loss": 0.032705456018447876,
    "val_acc": 0.9908999800682068
}