{
    "step": 9,
    "loss": 0.039882346987724304,
    "acc": 0.986466646194458,
    "val_loss": 0.036171574145555496,
    "val_acc": 0.9878000020980835
}