{
    "step": 9,
    "loss": 0.04065386578440666,
    "acc": 0.9864500164985657,
    "val_loss": 0.034704484045505524,
    "val_acc": 0.9886999726295471
}