{
    "step": 4,
    "loss": 0.069664865732193,
    "acc": 0.9777166843414307,
    "val_loss": 0.04468575865030289,
    "val_acc": 0.9837999939918518
}