{
    "step": 4,
    "loss": 0.06850915402173996,
    "acc": 0.9781333208084106,
    "val_loss": 0.04435475543141365,
    "val_acc": 0.9843000173568726
}