{
    "step": 99,
    "loss": 0.005164421629160643,
    "acc": 0.9983333349227905,
    "val_loss": 0.049313023686409,
    "val_acc": 0.9901000261306763
}