{
    "step": 9,
    "loss": 0.03867998346686363,
    "acc": 0.9871500134468079,
    "val_loss": 0.039381448179483414,
    "val_acc": 0.9866999983787537
}