{
    "step": 19,
    "loss": 0.021885400637984276,
    "acc": 0.9923999905586243,
    "val_loss": 0.03191865235567093,
    "val_acc": 0.9901999831199646
}