{
    "step": 9,
    "loss": 0.039206650108098984,
    "acc": 0.9873833060264587,
    "val_loss": 0.0321086049079895,
    "val_acc": 0.9894000291824341
}