{
    "step": 9,
    "train": {
        "loss": 0.03960316255688667,
        "acc": 0.9870333075523376
    },
    "eval": {
        "loss": 0.03500821441411972,
        "acc": 0.9886000156402588
    }
}