{
    "step": 9,
    "train": {
        "loss": 0.0385979600250721,
        "acc": 0.9878333210945129
    },
    "eval": {
        "loss": 0.038715943694114685,
        "acc": 0.9868000149726868
    }
}