{
    "step": 9,
    "loss": 0.03769935294985771,
    "acc": 0.9877499938011169,
    "val_loss": 0.03710200637578964,
    "val_acc": 0.9868999719619751
}