{"loss": 0.04721822962164879, "acc": 0.9842000007629395}