{"loss": 0.04027761146426201, "acc": 0.9914000034332275}