{"loss": 0.03500821441411972, "acc": 0.9886000156402588}