{"loss": 0.03556530550122261, "acc": 0.9865999817848206}