{"loss": 0.034704484045505524, "acc": 0.9886999726295471}