{"loss": 0.04818643257021904, "acc": 0.9907000064849854}