{"loss": 0.04435475543141365, "acc": 0.9843000173568726}