{"loss": 0.03191865235567093, "acc": 0.9901999831199646}