{"loss": 0.038715943694114685, "acc": 0.9868000149726868}