{"loss": 0.036638785153627396, "acc": 0.9873999953269958}