{"loss": 0.0321086049079895, "acc": 0.9894000291824341}