{"loss": 0.047647301107645035, "acc": 0.984000027179718}