{"loss": 0.048267003148794174, "acc": 0.9830999970436096}