{"loss": 0.09524371474981308, "acc": 0.972000002861023}