{"loss": 0.03710200637578964, "acc": 0.9868999719619751}