{"loss": 0.03614075854420662, "acc": 0.9876999855041504}