{"loss": 0.04516374692320824, "acc": 0.9904999732971191}