{"loss": 0.03649548813700676, "acc": 0.9878000020980835}