{"loss": 0.0742163360118866, "acc": 0.9760000109672546}