{"loss": 0.036171574145555496, "acc": 0.9878000020980835}