{"loss": 0.04468575865030289, "acc": 0.9837999939918518}