{"loss": 0.039381448179483414, "acc": 0.9866999983787537}