{"loss": 0.049561988562345505, "acc": 0.9909999966621399}