{"loss": 0.03619696944952011, "acc": 0.9890999794006348}