{"loss": 0.032705456018447876, "acc": 0.9908999800682068}