{"loss": 0.04596127197146416, "acc": 0.9902999997138977}