{"loss": 0.04624897614121437, "acc": 0.9840999841690063}