{"loss": 0.033511705696582794, "acc": 0.9886000156402588}