{"loss": 0.049313023686409, "acc": 0.9901000261306763}