{"loss": 0.03448699787259102, "acc": 0.9882000088691711}