{"loss": 0.044305067509412766, "acc": 0.984499990940094}